{"count":1,"self":43155.003801599996,"total":49301.0778046,"children":{"InitializeActuators":{"count":1,"self":0.0010075,"total":0.0010075,"children":null},"InitializeSensors":{"count":1,"self":0.0015026,"total":0.0015026,"children":null},"AgentSendState":{"count":10188418,"self":102.18707839999999,"total":148.1659534,"children":{"CollectObservations":{"count":2037684,"self":4.7551344,"total":4.7551342,"children":null},"WriteActionMask":{"count":2037684,"self":1.7671652,"total":1.7671652,"children":null},"RequestDecision":{"count":2037684,"self":7.4678847999999993,"total":39.4565787,"children":{"AgentInfo.ToProto":{"count":2037684,"self":7.9734343999999995,"total":31.9886935,"children":{"GenerateSensorData":{"count":2037684,"self":20.629820799999997,"total":24.015259099999998,"children":{"RayPerceptionSensor.Perceive":{"count":2037684,"self":3.3854379999999997,"total":3.3854379999999997,"children":null}}}}}}}}},"DecideAction":{"count":10188418,"self":5886.6106368,"total":5886.6104460999995,"children":null},"AgentAct":{"count":10188418,"self":111.03295999999999,"total":111.29386029999999,"children":{"AgentInfo.ToProto":{"count":20376,"self":0.0655798,"total":0.2609067,"children":{"GenerateSensorData":{"count":20376,"self":0.1662647,"total":0.1953269,"children":{"RayPerceptionSensor.Perceive":{"count":20376,"self":0.0290622,"total":0.0290622,"children":null}}}}}}}},"gauges":{"My Behavior.CumulativeReward":{"count":20376,"max":28.6500435,"min":-0.01999941,"runningAverage":20.95519,"value":21.6499538,"weightedAverage":22.077404}},"metadata":{"timer_format_version":"0.1.0","start_time_seconds":"1745442073","unity_version":"2022.3.44f1","command_line_arguments":"C:\\Program Files\\Unity\\Hub\\Editor\\2022.3.44f1\\Editor\\Unity.exe -projectpath C:\\Users\\rente\\Documents\\GitHub\\Aimlab-Agent\\Aimlab -useHub -hubIPC -cloudEnvironment production -licensingIpc LicenseClient-rente -hubSessionId 810aa458-eee2-45b3-9120-1a0d3df32921 -accessToken YcGh2LftJuYlwKMy-0btv7T5p8pcYDG_q6cx9o_2xaE001f","communication_protocol_version":"1.5.0","com.unity.ml-agents_version":"2.0.1","scene_name":"SpeedTutor Test Scene","end_time_seconds":"1745491374"}}