{"count":1,"self":8241.942528,"total":16066.2781174,"children":{"InitializeActuators":{"count":1,"self":0.0010019,"total":0.0010019,"children":null},"InitializeSensors":{"count":1,"self":0.0020211,"total":0.0020211,"children":null},"AgentSendState":{"count":10443201,"self":127.95150079999999,"total":182.32567129999998,"children":{"CollectObservations":{"count":2088641,"self":6.4462112,"total":6.4462112,"children":null},"WriteActionMask":{"count":2088641,"self":1.898297,"total":1.898297,"children":null},"RequestDecision":{"count":2088641,"self":9.0201712,"total":46.029658999999995,"children":{"AgentInfo.ToProto":{"count":2088641,"self":9.6551,"total":37.0094875,"children":{"GenerateSensorData":{"count":2088641,"self":23.701344,"total":27.354387199999998,"children":{"RayPerceptionSensor.Perceive":{"count":2088641,"self":3.653044,"total":3.6530438999999997,"children":null}}}}}}}}},"DecideAction":{"count":10443201,"self":7565.2087808,"total":7565.2088703,"children":null},"AgentAct":{"count":10443201,"self":75.5365056,"total":75.676946,"children":{"AgentInfo.ToProto":{"count":7642,"self":0.029188199999999997,"total":0.1404412,"children":{"GenerateSensorData":{"count":7642,"self":0.088659099999999991,"total":0.11125299999999999,"children":{"RayPerceptionSensor.Perceive":{"count":7642,"self":0.0225939,"total":0.0225939,"children":null}}}}}}},"AgentInfo.ToProto":{"count":60478,"self":0.30107629999999996,"total":1.1192301,"children":{"GenerateSensorData":{"count":60478,"self":0.65954649999999992,"total":0.81815379999999993,"children":{"RayPerceptionSensor.Perceive":{"count":60478,"self":0.1586073,"total":0.1586073,"children":null}}}}}},"gauges":{"My Behavior.CumulativeReward":{"count":68120,"max":1.67000031,"min":-5.200024,"runningAverage":-0.674895,"value":-5.150023,"weightedAverage":-1.61375856}},"metadata":{"timer_format_version":"0.1.0","start_time_seconds":"1746804329","unity_version":"2022.3.44f1","command_line_arguments":"C:\\Program Files\\Unity\\Hub\\Editor\\2022.3.44f1\\Editor\\Unity.exe -projectpath C:\\Users\\rente\\Documents\\GitHub\\Aimlab-Agent\\Aimlab -useHub -hubIPC -cloudEnvironment production -licensingIpc LicenseClient-rente -hubSessionId d259b176-f9f4-4ab5-9eaa-dfce6f5f1851 -accessToken csCJXI1AuYdtHShppPPPLxTicWJNbAeI74xZpwNIfqU001f","communication_protocol_version":"1.5.0","com.unity.ml-agents_version":"2.0.1","scene_name":"SpeedTutor Test Scene","end_time_seconds":"1746820395"}}