{"count":1,"self":2125.3224448,"total":7442.6380899,"children":{"InitializeActuators":{"count":1,"self":0.0020017,"total":0.0020017,"children":null},"InitializeSensors":{"count":1,"self":0.0020019,"total":0.0020019,"children":null},"AgentSendState":{"count":10000184,"self":81.5654464,"total":117.7392304,"children":{"CollectObservations":{"count":2000037,"self":5.202836,"total":5.2028358,"children":null},"WriteActionMask":{"count":2000037,"self":1.3585901999999999,"total":1.3585901999999999,"children":null},"RequestDecision":{"count":2000037,"self":5.675528,"total":29.612356,"children":{"AgentInfo.ToProto":{"count":2000037,"self":6.0421911999999995,"total":23.936828199999997,"children":{"GenerateSensorData":{"count":2000037,"self":15.396887999999999,"total":17.8946371,"children":{"RayPerceptionSensor.Perceive":{"count":2000037,"self":2.4977488,"total":2.4977488,"children":null}}}}}}}}},"DecideAction":{"count":10000184,"self":5146.64448,"total":5146.6445416,"children":null},"AgentAct":{"count":10000184,"self":52.0440992,"total":52.1001483,"children":{"AgentInfo.ToProto":{"count":5813,"self":0.0200178,"total":0.0560506,"children":{"GenerateSensorData":{"count":5813,"self":0.028024999999999998,"total":0.0360328,"children":{"RayPerceptionSensor.Perceive":{"count":5813,"self":0.0080077999999999989,"total":0.0080077999999999989,"children":null}}}}}}},"AgentInfo.ToProto":{"count":62056,"self":0.2542426,"total":0.8277717,"children":{"GenerateSensorData":{"count":62056,"self":0.4809423,"total":0.5735291,"children":{"RayPerceptionSensor.Perceive":{"count":62056,"self":0.0925868,"total":0.0925868,"children":null}}}}}},"gauges":{"My Behavior.CumulativeReward":{"count":67869,"max":1.67000031,"min":-5.18002367,"runningAverage":-0.5845418,"value":0.220000446,"weightedAverage":-0.412659258}},"metadata":{"timer_format_version":"0.1.0","start_time_seconds":"1748021399","unity_version":"2022.3.44f1","command_line_arguments":"E:\\Unity\\2022.3.44f1\\Editor\\Unity.exe -projectpath E:\\Unity\\Proyects\\Aimlab-Agent\\Aimlab -useHub -hubIPC -cloudEnvironment production -licensingIpc LicenseClient-Chuck -hubSessionId 6f625ffd-41b4-433e-afef-bd1319420791 -accessToken MPDNDOu0l8h8tdMCqPmRKV2qOM11yy67dZ9wU5fGMmM001f","communication_protocol_version":"1.5.0","com.unity.ml-agents_version":"2.0.1","scene_name":"SpeedTutor Test Scene","end_time_seconds":"1748028842"}}