{
    "name": "root",
    "gauges": {
        "MyBehavior.Policy.Entropy.mean": {
            "value": 0.009161747060716152,
            "min": 0.00857069157063961,
            "max": 1.7020666599273682,
            "count": 40
        },
        "MyBehavior.Policy.Entropy.sum": {
            "value": 458.0873718261719,
            "min": 428.5345764160156,
            "max": 85103.3359375,
            "count": 40
        },
        "MyBehavior.Step.mean": {
            "value": 1999964.0,
            "min": 49964.0,
            "max": 1999964.0,
            "count": 40
        },
        "MyBehavior.Step.sum": {
            "value": 1999964.0,
            "min": 49964.0,
            "max": 1999964.0,
            "count": 40
        },
        "MyBehavior.Policy.ExtrinsicValueEstimate.mean": {
            "value": 21.768875122070312,
            "min": 0.7755475640296936,
            "max": 21.869638442993164,
            "count": 40
        },
        "MyBehavior.Policy.ExtrinsicValueEstimate.sum": {
            "value": 21768.875,
            "min": 774.7720336914062,
            "max": 21869.638671875,
            "count": 40
        },
        "MyBehavior.Environment.EpisodeLength.mean": {
            "value": 99.0,
            "min": 99.0,
            "max": 99.0,
            "count": 40
        },
        "MyBehavior.Environment.EpisodeLength.sum": {
            "value": 49500.0,
            "min": 49500.0,
            "max": 49500.0,
            "count": 40
        },
        "MyBehavior.Environment.CumulativeReward.mean": {
            "value": 21.572598504066466,
            "min": 5.0574145515660245,
            "max": 21.746998551368712,
            "count": 40
        },
        "MyBehavior.Environment.CumulativeReward.sum": {
            "value": 10786.299252033234,
            "min": 2523.6498612314463,
            "max": 10873.499275684357,
            "count": 40
        },
        "MyBehavior.Policy.ExtrinsicReward.mean": {
            "value": 21.572598504066466,
            "min": 5.0574145515660245,
            "max": 21.746998551368712,
            "count": 40
        },
        "MyBehavior.Policy.ExtrinsicReward.sum": {
            "value": 10786.299252033234,
            "min": 2523.6498612314463,
            "max": 10873.499275684357,
            "count": 40
        },
        "MyBehavior.Losses.PolicyLoss.mean": {
            "value": 0.022978462173293034,
            "min": 0.019921382618679977,
            "max": 0.036068790524344266,
            "count": 40
        },
        "MyBehavior.Losses.PolicyLoss.sum": {
            "value": 0.11489231086646517,
            "min": 0.08336998557982345,
            "max": 0.15675784323054054,
            "count": 40
        },
        "MyBehavior.Losses.ValueLoss.mean": {
            "value": 0.035004058269162974,
            "min": 0.02963919434696436,
            "max": 0.596379007299741,
            "count": 40
        },
        "MyBehavior.Losses.ValueLoss.sum": {
            "value": 0.17502029134581487,
            "min": 0.1437447216361761,
            "max": 2.981895036498705,
            "count": 40
        },
        "MyBehavior.Policy.LearningRate.mean": {
            "value": 0.00018134619955127997,
            "min": 0.00018134619955127997,
            "max": 0.00029845716051428,
            "count": 40
        },
        "MyBehavior.Policy.LearningRate.sum": {
            "value": 0.0009067309977563999,
            "min": 0.0007859487780171199,
            "max": 0.0014783808072064,
            "count": 40
        },
        "MyBehavior.Policy.Epsilon.mean": {
            "value": 0.16044872000000002,
            "min": 0.16044872000000002,
            "max": 0.19948572,
            "count": 40
        },
        "MyBehavior.Policy.Epsilon.sum": {
            "value": 0.8022436000000001,
            "min": 0.66198288,
            "max": 0.9927936,
            "count": 40
        },
        "MyBehavior.Policy.Beta.mean": {
            "value": 0.003026391128,
            "min": 0.003026391128,
            "max": 0.004974337428,
            "count": 40
        },
        "MyBehavior.Policy.Beta.sum": {
            "value": 0.015131955640000002,
            "min": 0.013112945712000001,
            "max": 0.024640400639999997,
            "count": 40
        },
        "MyBehavior.IsTraining.mean": {
            "value": 1.0,
            "min": 1.0,
            "max": 1.0,
            "count": 40
        },
        "MyBehavior.IsTraining.sum": {
            "value": 1.0,
            "min": 1.0,
            "max": 1.0,
            "count": 40
        }
    },
    "metadata": {
        "timer_format_version": "0.1.0",
        "start_time_seconds": "1745442066",
        "python_version": "3.10.12 | packaged by Anaconda, Inc. | (main, Jul  5 2023, 19:01:18) [MSC v.1916 64 bit (AMD64)]",
        "command_line_arguments": "C:\\Users\\rente\\miniconda3\\envs\\mlagents\\Scripts\\mlagents-learn configuration.yaml --run-id=entrenamiento2 --force",
        "mlagents_version": "1.1.0",
        "mlagents_envs_version": "1.1.0",
        "communication_protocol_version": "1.5.0",
        "pytorch_version": "2.2.2+cu121",
        "numpy_version": "1.23.5",
        "end_time_seconds": "1745491381"
    },
    "total": 49315.62471350003,
    "count": 1,
    "self": 0.006746400147676468,
    "children": {
        "run_training.setup": {
            "total": 0.09263159986585379,
            "count": 1,
            "self": 0.09263159986585379
        },
        "TrainerController.start_learning": {
            "total": 49315.52533550002,
            "count": 1,
            "self": 31.53874558280222,
            "children": {
                "TrainerController._reset_env": {
                    "total": 8.939853899879381,
                    "count": 1,
                    "self": 8.939853899879381
                },
                "TrainerController.advance": {
                    "total": 49274.980775417294,
                    "count": 2037681,
                    "self": 29.047893887851387,
                    "children": {
                        "env_step": {
                            "total": 48633.88924833457,
                            "count": 2037681,
                            "self": 47053.09596935287,
                            "children": {
                                "SubprocessEnvManager._take_step": {
                                    "total": 1559.4809609281365,
                                    "count": 2037681,
                                    "self": 74.2110073887743,
                                    "children": {
                                        "TorchPolicy.evaluate": {
                                            "total": 1485.2699535393622,
                                            "count": 2037681,
                                            "self": 1485.2699535393622
                                        }
                                    }
                                },
                                "workers": {
                                    "total": 21.312318053562194,
                                    "count": 2037680,
                                    "self": 0.0,
                                    "children": {
                                        "worker_root": {
                                            "total": 49262.24581902637,
                                            "count": 2037680,
                                            "is_parallel": true,
                                            "self": 3735.669071934186,
                                            "children": {
                                                "steps_from_proto": {
                                                    "total": 0.00048259994946420193,
                                                    "count": 1,
                                                    "is_parallel": true,