{
    "name": "root",
    "metadata": {
        "timer_format_version": "0.1.0",
        "start_time_seconds": "1746713084",
        "python_version": "3.10.12 | packaged by Anaconda, Inc. | (main, Jul  5 2023, 19:01:18) [MSC v.1916 64 bit (AMD64)]",
        "command_line_arguments": "C:\\Users\\rente\\miniconda3\\envs\\mlagents\\Scripts\\mlagents-learn --run-id=entrenamiento5 --resume",
        "mlagents_version": "1.1.0",
        "mlagents_envs_version": "1.1.0",
        "communication_protocol_version": "1.5.0",
        "pytorch_version": "2.2.2+cu121",
        "numpy_version": "1.23.5",
        "end_time_seconds": "1746713527"
    },
    "total": 443.0501790998969,
    "count": 1,
    "self": 0.0077359998831525445,
    "children": {
        "run_training.setup": {
            "total": 0.03830270003527403,
            "count": 1,
            "self": 0.03830270003527403
        },
        "TrainerController.start_learning": {
            "total": 443.0041403999785,
            "count": 1,
            "self": 0.26616150164045393,
            "children": {
                "TrainerController._reset_env": {
                    "total": 8.50134880002588,
                    "count": 1,
                    "self": 8.50134880002588
                },
                "TrainerController.advance": {
                    "total": 434.0674684982514,
                    "count": 16067,
                    "self": 0.24551719008013606,
                    "children": {
                        "env_step": {
                            "total": 429.2853153027827,
                            "count": 16067,
                            "self": 416.87113540573046,
                            "children": {
                                "SubprocessEnvManager._take_step": {
                                    "total": 12.242249003844336,
                                    "count": 16067,
                                    "self": 0.5819888063706458,
                                    "children": {
                                        "TorchPolicy.evaluate": {
                                            "total": 11.66026019747369,
                                            "count": 15071,
                                            "self": 11.66026019747369
                                        }
                                    }
                                },
                                "workers": {
                                    "total": 0.17193089320790023,
                                    "count": 16066,
                                    "self": 0.0,
                                    "children": {
                                        "worker_root": {
                                            "total": 429.6673230966553,
                                            "count": 16066,
                                            "is_parallel": true,
                                            "self": 30.652897205902264,
                                            "children": {
                                                "steps_from_proto": {
                                                    "total": 0.002904099994339049,
                                                    "count": 1,
                                                    "is_parallel": true,
                                                    "self": 0.0007367999060079455,
                                                    "children": {
                                                        "_process_rank_one_or_two_observation": {
                                                            "total": 0.0021673000883311033,
                                                            "count": 4,
                                                            "is_parallel": true,
                                                            "self": 0.0021673000883311033
                                                        }
                                                    }
                                                },
                                                "UnityEnvironment.step": {
                                                    "total": 399.0115217907587,
                                                    "count": 16066,
                                                    "is_parallel": true,
                                                    "self": 1.0253889171872288,
                                                    "children": {
                                                        "UnityEnvironment._generate_step_input": {
                                                            "total": 0.7479472950799391,
                                                            "count": 16066,
                                                            "is_parallel": true,
                                                            "self": 0.7479472950799391
                                                        },
                                                        "communicator.exchange": {
                                                            "total": 393.8146124872146,
                                                            "count": 16066,
                                                            "is_parallel": true,
                                                            "self": 393.8146124872146
                                                        },
                                                        "steps_from_proto": {
                                                            "total": 3.4235730912769213,
                                                            "count": 16066,
                                                            "is_parallel": true,
                                                            "self": 1.8709580096183345,
                                                            "children": {
                                                                "_process_rank_one_or_two_observation": {
                                                                    "total": 1.5526150816585869,
                                                                    "count": 64264,
                                                                    "is_parallel": true,
                                                                    "self": 1.5526150816585869
                                                                }
                                                            }
                                                        }
                                                    }
                                                }
                                            }
                                        }
                                    }
                                }
                            }
                        },
                        "trainer_advance": {
                            "total": 4.536636005388573,
                            "count": 16066,
                            "self": 0.27997731091454625,
                            "children": {
                                "process_trajectory": {
                                    "total": 2.1212476944783702,
                                    "count": 16066,
                                    "self": 2.1212476944783702
                                },
                                "_update_policy": {
                                    "total": 2.1354109999956563,
                                    "count": 1,
                                    "self": 1.5316281005507335,
                                    "children": {
                                        "TorchPPOOptimizer.update": {
                                            "total": 0.6037828994449228,
                                            "count": 30,