{
    "name": "root",
    "gauges": {
        "MyBehavior.Policy.Entropy.mean": {
            "value": 0.39249953627586365,
            "min": 0.39249953627586365,
            "max": 0.457468718290329,
            "count": 4
        },
        "MyBehavior.Policy.Entropy.sum": {
            "value": 196254.484375,
            "min": 196254.484375,
            "max": 228740.765625,
            "count": 4
        },
        "MyBehavior.Environment.EpisodeLength.mean": {
            "value": 28.460994579307094,
            "min": 28.27653843901868,
            "max": 28.706731626166004,
            "count": 4
        },
        "MyBehavior.Environment.EpisodeLength.sum": {
            "value": 483040.0,
            "min": 482935.0,
            "max": 483163.0,
            "count": 4
        },
        "MyBehavior.Step.mean": {
            "value": 6999980.0,
            "min": 5499981.0,
            "max": 6999980.0,
            "count": 4
        },
        "MyBehavior.Step.sum": {
            "value": 6999980.0,
            "min": 5499981.0,
            "max": 6999980.0,
            "count": 4
        },
        "MyBehavior.Policy.ExtrinsicValueEstimate.mean": {
            "value": -0.40488091111183167,
            "min": -0.40848299860954285,
            "max": -0.32665738463401794,
            "count": 4
        },
        "MyBehavior.Policy.ExtrinsicValueEstimate.sum": {
            "value": -7703.6689453125,
            "min": -7794.67236328125,
            "max": -6247.322265625,
            "count": 4
        },
        "MyBehavior.Environment.CumulativeReward.mean": {
            "value": -0.5644118819572778,
            "min": -0.5769525566091017,
            "max": -0.5439828146567095,
            "count": 4
        },
        "MyBehavior.Environment.CumulativeReward.sum": {
            "value": -9579.198460578918,
            "min": -9710.68848028779,
            "max": -9290.138508707285,
            "count": 4
        },
        "MyBehavior.Policy.ExtrinsicReward.mean": {
            "value": -0.5644118819572778,
            "min": -0.5769525566091017,
            "max": -0.5439828146567095,
            "count": 4
        },
        "MyBehavior.Policy.ExtrinsicReward.sum": {
            "value": -9579.198460578918,
            "min": -9710.68848028779,
            "max": -9290.138508707285,
            "count": 4
        },
        "MyBehavior.Losses.PolicyLoss.mean": {
            "value": 0.02340290719851813,
            "min": 0.023059019026802664,
            "max": 0.023888201920797453,
            "count": 4
        },
        "MyBehavior.Losses.PolicyLoss.sum": {
            "value": 1.1233395455288702,
            "min": 1.1233395455288702,
            "max": 1.1466336921982778,
            "count": 4
        },
        "MyBehavior.Losses.ValueLoss.mean": {
            "value": 0.48171222141633435,
            "min": 0.4302024722099304,
            "max": 0.48370175426509104,
            "count": 4
        },
        "MyBehavior.Losses.ValueLoss.sum": {
            "value": 23.12218662798405,
            "min": 20.64971866607666,
            "max": 23.701385958989462,
            "count": 4
        },
        "MyBehavior.Policy.LearningRate.mean": {
            "value": 1.075961516349375e-05,
            "min": 1.075961516349375e-05,
            "max": 7.494037144847262e-05,
            "count": 4
        },
        "MyBehavior.Policy.LearningRate.sum": {
            "value": 0.0005164615278477,
            "min": 0.0005164615278477,
            "max": 0.0035971378295266854,
            "count": 4
        },
        "MyBehavior.Policy.Epsilon.mean": {
            "value": 0.10358650624999999,
            "min": 0.10358650624999999,
            "max": 0.1249800988095238,
            "count": 4
        },
        "MyBehavior.Policy.Epsilon.sum": {
            "value": 4.972152299999999,
            "min": 4.972152299999999,
            "max": 5.9990447428571425,
            "count": 4
        },
        "MyBehavior.Policy.Beta.mean": {
            "value": 0.00018896666187499998,
            "min": 0.00018896666187499998,
            "max": 0.0012565069305952381,
            "count": 4
        },
        "MyBehavior.Policy.Beta.sum": {
            "value": 0.00907039977,
            "min": 0.00907039977,
            "max": 0.06031233266857143,
            "count": 4
        },
        "MyBehavior.IsTraining.mean": {
            "value": 1.0,
            "min": 1.0,
            "max": 1.0,
            "count": 4
        },
        "MyBehavior.IsTraining.sum": {
            "value": 1.0,
            "min": 1.0,
            "max": 1.0,
            "count": 4
        }
    },
    "metadata": {
        "timer_format_version": "0.1.0",
        "start_time_seconds": "1748021396",
        "python_version": "3.10.12 | packaged by Anaconda, Inc. | (main, Jul  5 2023, 19:01:18) [MSC v.1916 64 bit (AMD64)]",
        "command_line_arguments": "E:\\extras\\Conda\\envs\\mlagents\\Scripts\\mlagents-learn E:\\Unity\\Proyects\\Aimlab-Agent\\Aimlab\\results\\ppo\\configuration.yaml --run-id entrenamiento6 --resume",
        "mlagents_version": "1.1.0",
        "mlagents_envs_version": "1.1.0",
        "communication_protocol_version": "1.5.0",
        "pytorch_version": "2.7.0+cpu",
        "numpy_version": "1.23.5",
        "end_time_seconds": "1748028842"
    },
    "total": 7446.3479193999665,
    "count": 1,
    "self": 0.007676800014451146,
    "children": {
        "run_training.setup": {
            "total": 0.10104119998868555,
            "count": 1,
            "self": 0.10104119998868555
        },
        "TrainerController.start_learning": {
            "total": 7446.239201399963,
            "count": 1,
            "self": 28.14219708647579,
            "children": {
                "TrainerController._reset_env": {
                    "total": 5.618216899922118,
                    "count": 1,
                    "self": 5.618216899922118
                },
                "TrainerController.advance": {
                    "total": 7412.44531241362,
                    "count": 2060346,
                    "self": 28.39733690302819,
                    "children": {
                        "env_step": {
                            "total": 6768.215181675041,
                            "count": 2060346,
                            "self": 5352.903666620259,
                            "children": {
                                "SubprocessEnvManager._take_step": {
                                    "total": 1395.778021963546,
                                    "count": 2060346,
                                    "self": 68.40392823028378,
                                    "children": {
                                        "TorchPolicy.evaluate": {
                                            "total": 1327.3740937332623,
                                            "count": 2000035,
                                            "self": 1327.3740937332623
                                        }
                                    }
                                },
                                "workers": {
                                    "total": 19.53349309123587,
                                    "count": 2060346,
                                    "self": 0.0,
                                    "children": {
                                        "worker_root": {
                                            "total": 7410.195251824916,
                                            "count": 2060346,
                                            "is_parallel": true,
                                            "self": 3326.3916529718554,
                                            "children": {
                                                "steps_from_proto": {
                                                    "total": 0.00032160000409930944,
                                                    "count": 1,