{
    "name": "root",
    "metadata": {
        "timer_format_version": "0.1.0",
        "start_time_seconds": "1746978106",
        "python_version": "3.10.12 | packaged by Anaconda, Inc. | (main, Jul  5 2023, 19:01:18) [MSC v.1916 64 bit (AMD64)]",
        "command_line_arguments": "C:\\Users\\rente\\miniconda3\\envs\\mlagents\\Scripts\\mlagents-learn C:\\Users\\rente\\Documents\\GitHub\\Aimlab-Agent\\Aimlab\\results\\ppo\\configuration.yaml --run-id entrenamiento6 --resume",
        "mlagents_version": "1.1.0",
        "mlagents_envs_version": "1.1.0",
        "communication_protocol_version": "1.5.0",
        "pytorch_version": "2.2.2+cu121",
        "numpy_version": "1.23.5",
        "end_time_seconds": "1746980606"
    },
    "total": 2500.397487099981,
    "count": 1,
    "self": 0.009040799690410495,
    "children": {
        "run_training.setup": {
            "total": 0.18680890020914376,
            "count": 1,
            "self": 0.18680890020914376
        },
        "TrainerController.start_learning": {
            "total": 2500.2016374000814,
            "count": 1,
            "self": 7.676489603007212,
            "children": {
                "TrainerController._reset_env": {
                    "total": 15.488922100048512,
                    "count": 1,
                    "self": 15.488922100048512
                },
                "TrainerController.advance": {
                    "total": 2476.972931097029,
                    "count": 346462,
                    "self": 6.783381060929969,
                    "children": {
                        "env_step": {
                            "total": 2349.5312596599106,
                            "count": 346462,
                            "self": 2033.5173865912948,
                            "children": {
                                "SubprocessEnvManager._take_step": {
                                    "total": 310.903183294693,
                                    "count": 346462,
                                    "self": 14.24693049560301,
                                    "children": {
                                        "TorchPolicy.evaluate": {
                                            "total": 296.65625279909,
                                            "count": 334281,
                                            "self": 296.65625279909
                                        }
                                    }
                                },
                                "workers": {
                                    "total": 5.110689773922786,
                                    "count": 346461,
                                    "self": 0.0,
                                    "children": {
                                        "worker_root": {
                                            "total": 2471.835803330643,
                                            "count": 346461,
                                            "is_parallel": true,
                                            "self": 766.8395043020137,
                                            "children": {
                                                "steps_from_proto": {
                                                    "total": 0.0006238999776542187,
                                                    "count": 1,
                                                    "is_parallel": true,
                                                    "self": 0.0003060000017285347,
                                                    "children": {
                                                        "_process_rank_one_or_two_observation": {
                                                            "total": 0.000317899975925684,
                                                            "count": 4,
                                                            "is_parallel": true,
                                                            "self": 0.000317899975925684
                                                        }
                                                    }
                                                },
                                                "UnityEnvironment.step": {
                                                    "total": 1704.9956751286518,
                                                    "count": 346461,
                                                    "is_parallel": true,
                                                    "self": 29.227815257385373,
                                                    "children": {
                                                        "UnityEnvironment._generate_step_input": {
                                                            "total": 18.33667713450268,
                                                            "count": 346461,
                                                            "is_parallel": true,
                                                            "self": 18.33667713450268
                                                        },
                                                        "communicator.exchange": {
                                                            "total": 1561.0281541128643,
                                                            "count": 346461,
                                                            "is_parallel": true,
                                                            "self": 1561.0281541128643
                                                        },
                                                        "steps_from_proto": {
                                                            "total": 96.40302862389944,
                                                            "count": 346461,
                                                            "is_parallel": true,
                                                            "self": 50.76921107270755,
                                                            "children": {
                                                                "_process_rank_one_or_two_observation": {
                                                                    "total": 45.633817551191896,
                                                                    "count": 1385844,
                                                                    "is_parallel": true,
                                                                    "self": 45.633817551191896
                                                                }
                                                            }
                                                        }
                                                    }
                                                }
                                            }
                                        }
                                    }
                                }
                            }
                        },
                        "trainer_advance": {
                            "total": 120.65829037618823,
                            "count": 346461,
                            "self": 8.53267494798638,
                            "children": {
                                "process_trajectory": {
                                    "total": 39.81220122752711,
                                    "count": 346461,
                                    "self": 39.45537692727521,
                                    "children": {
                                        "RLTrainer._checkpoint": {
                                            "total": 0.35682430025190115,
                                            "count": 7,
                                            "self": 0.35682430025190115
                                        }
                                    }
                                },